order,list_title,owner,name,user_note,full_label,address,latitude,longitude,maps_url,google_ref,place_key,saved_at_utc,updated_at_utc
1,Want to go,Natalja Monski,Coffee Love,Cukrárna,"Coffee Love, 19 Griboedov St, Batumi 6010","19 Griboedov St, Batumi 6010",41.6438718,41.6228547,"https://www.google.com/maps/search/?api=1&query=Coffee+Love+41.6438718,41.6228547",/g/11sbvy76k4,4640827299445486505|2080700992573309557,2026-07-15T14:36:06.910580Z,2026-07-15T14:36:06.910580Z
2,Want to go,Natalja Monski,Umístěný špendlík,Dětský koutek,,Adresa v okolí: Batumi,41.6423464,41.6238841,"https://www.google.com/maps/search/?api=1&query=Umístěný+špendlík+41.6423464,41.6238841",,,2026-07-15T14:32:08.813860Z,2026-07-15T14:32:08.813860Z
3,Want to go,Natalja Monski,Local souvenir shop,Suvenýry,"Local souvenir shop, 16 Parnavaz Mepe St, Batumi","16 Parnavaz Mepe St, Batumi",41.6504469,41.641416299999996,"https://www.google.com/maps/search/?api=1&query=Local+souvenir+shop+41.6504469,41.641416299999996",/g/11vqnw1yhl,4640826376475200445|3680646294226615197,2026-07-15T12:13:10.652305Z,2026-07-15T12:13:10.652305Z
4,Want to go,Natalja Monski,"Old Batumi Handmade souvenirs & gifts shop 13 Farnavaz Mefe Street, Batumi, Georgia",Suvenýry,"Old Batumi Handmade souvenirs & gifts shop 13 Farnavaz Mefe Street, Batumi, Georgia, 13 Parnavaz Mepe St, Batumi","13 Parnavaz Mepe St, Batumi",41.6503922,41.6423172,"https://www.google.com/maps/search/?api=1&query=Old+Batumi+Handmade+souvenirs+&+gifts+shop+13+Farnavaz+Mefe+Street,+Batumi,+Georgia+41.6503922,41.6423172",/g/11zkcgn_9b,4640826376047228755|7041693807710422914,2026-07-15T12:03:33.929472Z,2026-07-15T12:03:33.929472Z
5,Want to go,Natalja Monski,Шашлычная #1,Shashlik,"Шашлычная #1, 95 Chavchavadze St, Batumi 1054","95 Chavchavadze St, Batumi 1054",41.642704699999996,41.6300417,"https://www.google.com/maps/search/?api=1&query=Шашлычная+#1+41.642704699999996,41.6300417",/g/11kby4k5hp,4640827141494963245|-6820561269105948910,2026-07-14T12:18:46.397696Z,2026-07-14T12:18:46.397696Z
6,Want to go,Natalja Monski,Cafe Central Batumi,Foto zóna,"Cafe Central Batumi, Cafe Central, 56 Memed Abashidze Ave, Batumi 6010","Cafe Central, 56 Memed Abashidze Ave, Batumi 6010",41.648688199999995,41.6314043,"https://www.google.com/maps/search/?api=1&query=Cafe+Central+Batumi+41.648688199999995,41.6314043",/g/11ldnn5sfk,4640826375198613353|8248231968978011923,2026-07-13T17:07:02.021819Z,2026-07-13T17:07:02.021819Z
7,Want to go,Natalja Monski,DS Mall,Oblečení + Transformer,,,41.639707,41.6217109,"https://www.google.com/maps/search/?api=1&query=DS+Mall+41.639707,41.6217109",,4640825331115629941|2939831152862403898,2026-03-02T12:00:27.847546Z,2026-07-13T10:59:03.682993Z
8,Want to go,Natalja Monski,31 Zubalashvili St,Zubař magdička,"31 Zubalashvili St, Batumi 6010","31 Zubalashvili St, Batumi 6010",41.646029299999995,41.6376644,"https://www.google.com/maps/search/?api=1&query=31+Zubalashvili+St+41.646029299999995,41.6376644",/g/11mtfrd6qg,4640825369044019659|8621350996188141992,2026-07-13T10:58:07.014744Z,2026-07-13T10:58:07.014744Z
9,Want to go,Natalja Monski,Khinklis Gemo +,Restaurace,,"87 Pushkin St, Batumi",41.6408547,41.631175299999995,"https://www.google.com/maps/search/?api=1&query=Khinklis+Gemo+++41.6408547,41.631175299999995",,4640826603499398617|4101809344163985976,2026-07-13T09:16:09.373724Z,2026-07-13T09:16:09.373724Z
10,Want to go,Natalja Monski,Bebe,Oblečení,"Bebe, 66 Zurab Gorgiladze St, Batumi 6000","66 Zurab Gorgiladze St, Batumi 6000",41.6444809,41.623754399999996,"https://www.google.com/maps/search/?api=1&query=Bebe+41.6444809,41.623754399999996",/g/11vrykcm56,4640826377087521239|3607298125279810497,2026-07-12T12:26:01.544754Z,2026-07-12T12:26:01.544754Z
11,Want to go,Natalja Monski,17 Chavchavadze St,Tašky kabelky,"17 Chavchavadze St, Batumi","17 Chavchavadze St, Batumi",41.6456386,41.6435313,"https://www.google.com/maps/search/?api=1&query=17+Chavchavadze+St+41.6456386,41.6435313",/g/11rxngwn64,4640825539561563313|1855312910944111274,2026-07-12T10:07:33.869946Z,2026-07-12T10:07:33.869946Z
12,Want to go,Natalja Monski,Barakoni,Restaurace,"Barakoni, ფარნავაზ მეფის ქუჩა, 53 farnavaz mefe St, Batumi 6000","ფარნავაზ მეფის ქუჩა, 53 farnavaz mefe St, Batumi 6000",41.648505,41.6382459,"https://www.google.com/maps/search/?api=1&query=Barakoni+41.648505,41.6382459",/g/11h00f6glh,4640826426137713975|2489764581829354608,2026-07-11T10:11:34.814314Z,2026-07-11T10:11:34.814314Z
13,Want to go,Natalja Monski,Acharuli Khachapuri House,Hachapuri house,"Acharuli Khachapuri House, 39 26 May St, Batumi","39 26 May St, Batumi",41.645812,41.633460199999995,"https://www.google.com/maps/search/?api=1&query=Acharuli+Khachapuri+House+41.645812,41.633460199999995",/g/11by_fnxp3,4640825365642294449|645879248897110225,2026-07-11T09:59:10.895424Z,2026-07-11T09:59:10.895424Z
14,Want to go,Natalja Monski,Fishing pier,Rybářské molo,"MJ4M+H6P Fishing pier, Batumi Pier, Batumi","MJ4M+H6P, Batumi Pier, Batumi",41.656462399999995,41.633069299999995,"https://www.google.com/maps/search/?api=1&query=Fishing+pier+41.656462399999995,41.633069299999995",/g/11kj28ndj4,4640826490380454225|-6892993220528258366,2026-07-10T17:45:34.519492Z,2026-07-10T17:45:34.519492Z
15,Want to go,Natalja Monski,Evo Fashion,Nádobí,"Evo Fashion, 32 Akaki Tsereteli St, Batumi 6000","32 Akaki Tsereteli St, Batumi 6000",41.645037099999996,41.645773,"https://www.google.com/maps/search/?api=1&query=Evo+Fashion+41.645037099999996,41.645773",/g/11c6cpmk60,4640825538531621399|-7497323342569246695,2026-07-10T12:35:39.871474Z,2026-07-10T12:35:39.871474Z
16,Want to go,Natalja Monski,Umístěný špendlík,Trh s oblečením a ovocím,,"Adresa v okolí: Batumlu Elektrikçi, Teknik Servis Hizmetleri Hikvision Securty Systems LTD. Batumiэлектрик батуми, + 5, 9 Imedashvili St, Batumi 6004",41.6454941,41.6449967,"https://www.google.com/maps/search/?api=1&query=Umístěný+špendlík+41.6454941,41.6449967",,,2026-07-10T12:11:51.238281Z,2026-07-10T12:11:51.238281Z
17,Want to go,Natalja Monski,Old Ambari,,,,41.635646,41.6160016,"https://www.google.com/maps/search/?api=1&query=Old+Ambari+41.635646,41.6160016",,4640826884717297117|8068827129721884490,2026-03-02T09:53:24.813791Z,2026-07-10T11:31:55.990155Z
18,Want to go,Natalja Monski,"41°38'43.2""N 41°38'19.0""E",Záclony,"41.6453285,41.6386037",,41.6453285,41.6386037,"https://www.google.com/maps/search/?api=1&query=41°38'43.2""N+41°38'19.0""E+41.6453285,41.6386037",,,2026-07-10T08:31:39.086554Z,2026-07-10T08:31:39.086554Z
19,Want to go,Natalja Monski,Black Sea Mall,Obchodní centrum. Vincera obchod vin,"JJQC+335 Black Sea Mall, 20 Tbel-Abuseridze St, Batumi, Gruzie","JJQC+335, 20 Tbel-Abuseridze St, Batumi, Gruzie",41.6375428,41.6199085,"https://www.google.com/maps/search/?api=1&query=Black+Sea+Mall+41.6375428,41.6199085",/g/11v67jj581,4640827369694658029|-362513362537782632,2026-07-09T08:36:32.374246Z,2026-07-09T08:41:01.448492Z
20,Want to go,Natalja Monski,Provence cafe Batumi,Kavárna,"Provence cafe Batumi, 8 Zurab Gorgiladze St, Batumi 6000, Gruzie","8 Zurab Gorgiladze St, Batumi 6000, Gruzie",41.6486637,41.6338805,"https://www.google.com/maps/search/?api=1&query=Provence+cafe+Batumi+41.6486637,41.6338805",/g/11gj0_5kbw,4640827298950031951|7139846267488886308,2026-07-08T19:31:39.592020Z,2026-07-08T19:31:39.592020Z
21,Want to go,Natalja Monski,Hot spring sulfur,Termální,"3HQG+RC Hot spring sulfur, Dikhashkho, Gruzie","3HQG+RC, Dikhashkho, Gruzie",42.0896046,42.5760143,"https://www.google.com/maps/search/?api=1&query=Hot+spring+sulfur+42.0896046,42.5760143",/g/11xyq50m7r,4637833504852031593|3543288662082296837,2026-07-08T14:43:56.887893Z,2026-07-08T14:43:56.887893Z
22,Want to go,Natalja Monski,Public sulphur bath,Termální,"3JWG+9W3 Public sulphur bath, Amaghleba, Gruzie","3JWG+9W3, Amaghleba, Gruzie",42.095886899999996,42.6273005,"https://www.google.com/maps/search/?api=1&query=Public+sulphur+bath+42.095886899999996,42.6273005",/g/11y5dsgkgd,4637833504477901197|7962256719749420600,2026-07-08T14:43:17.913708Z,2026-07-08T14:43:17.913708Z
23,Want to go,Natalja Monski,Sulfur Pool Vani,Termální jezírko,,"4H3P+QPX Sulfur Pool Vani, Dikhashkho, Gruzie",42.1044887,42.5868725,"https://www.google.com/maps/search/?api=1&query=Sulfur+Pool+Vani+42.1044887,42.5868725",,4637834182637352441|-7130012072385361438,2026-07-08T14:41:20.918635Z,2026-07-08T14:41:20.918635Z
24,Want to go,Natalja Monski,Ajara Palace - Restaurant,Restaurace ceny,"Ajara Palace - Restaurant, Pushkin St, Batumi, Gruzie","Pushkin St, Batumi, Gruzie",41.640155899999996,41.6281648,"https://www.google.com/maps/search/?api=1&query=Ajara+Palace+-+Restaurant+41.640155899999996,41.6281648",/g/11cky7dns0,4640825335184956473|-2975878332293145977,2026-07-08T12:32:13.308349Z,2026-07-08T12:33:46.023176Z
25,Want to go,Natalja Monski,Ardagani Cafe Restaurant,Restaurace,"JJR9+JMR Ardagani Cafe Restaurant, Batumi, Gruzie","JJR9+JMR, Batumi, Gruzie",41.6416192,41.619146799999996,"https://www.google.com/maps/search/?api=1&query=Ardagani+Cafe+Restaurant+41.6416192,41.619146799999996",/g/11g0srrxpn,4640826590139802775|-4926405118257355287,2026-07-08T12:28:28.048936Z,2026-07-08T12:28:28.048936Z
26,Want to go,Natalja Monski,New Era,Restaurace,"New Era, 134 Pushkin St, Batumi, Gruzie","134 Pushkin St, Batumi, Gruzie",41.6413188,41.6318193,"https://www.google.com/maps/search/?api=1&query=New+Era+41.6413188,41.6318193",/g/11rr4t200k,4640826560433773961|-6891337469548075367,2026-07-08T12:22:51.946666Z,2026-07-08T12:22:51.946666Z
27,Want to go,Natalja Monski,Sakhli - unique space,Restaurace,"Sakhli - unique space, Revaz Komakhidze Turn, 8 Первый Переулок Реваза, 8 Komakhidze St, Batumi 6000, Gruzie","Revaz Komakhidze Turn, 8 Первый Переулок Реваза, 8 Komakhidze St, Batumi 6000, Gruzie",41.6481005,41.6421735,"https://www.google.com/maps/search/?api=1&query=Sakhli+-+unique+space+41.6481005,41.6421735",/g/11sx0dtjdz,4640827309129301855|7865949598891084880,2026-07-08T12:08:49.524588Z,2026-07-08T12:08:49.524588Z
28,Want to go,Natalja Monski,Hilton Batumi,,"Hilton Batumi, 40 Rustaveli Ave, Batumi 6010, Gruzie","40 Rustaveli Ave, Batumi 6010, Gruzie",41.6490563,41.6257416,"https://www.google.com/maps/search/?api=1&query=Hilton+Batumi+41.6490563,41.6257416",/g/1ptyp9frg,4640825738814271557|6837620924286619404,2026-07-07T11:28:32.182123Z,2026-07-07T11:28:32.182123Z
29,Want to go,Natalja Monski,Daily,Potraviny,"A, Daily, N42 Khalvashi street, Batumi 6000, Gruzie","A, N42 Khalvashi street, Batumi 6000, Gruzie",41.6197734,41.6167476,"https://www.google.com/maps/search/?api=1&query=Daily+41.6197734,41.6167476",/g/11q2r13_9w,4640824955646928037|-1605292644772421555,2026-07-06T18:47:20.384312Z,2026-07-06T18:47:20.384312Z
30,Want to go,Natalja Monski,Grocery store,Náš obchod,"JHCV+WC8 Grocery store, Batumi, Gruzie","JHCV+WC8, Batumi, Gruzie",41.622294499999995,41.5935899,"https://www.google.com/maps/search/?api=1&query=Grocery+store+41.622294499999995,41.5935899",/g/11s_v_sx7f,4640824948666847425|-8338876971911123776,2026-07-06T18:44:53.409927Z,2026-07-06T18:44:53.409927Z
31,Want to go,Natalja Monski,Daily market,Interspar,"Daily market, 4-2 Adlia Street, Batumi, Gruzie","4-2 Adlia Street, Batumi, Gruzie",41.6204761,41.5921063,"https://www.google.com/maps/search/?api=1&query=Daily+market+41.6204761,41.5921063",/g/11ybrgxhkh,4640824178164384663|926482354147409323,2026-07-06T18:44:25.351098Z,2026-07-06T18:44:25.351098Z
32,Want to go,Natalja Monski,Nikora,Potraviny,"1, Nikora, ადლიას ქუჩა, Batumi 6004, Gruzie","1, ადლიას ქუჩა, Batumi 6004, Gruzie",41.621057799999996,41.592371899999996,"https://www.google.com/maps/search/?api=1&query=Nikora+41.621057799999996,41.592371899999996",/g/11vqmdc962,4640824177506089937|-213850809359440843,2026-07-06T18:43:37.353152Z,2026-07-06T18:43:37.353152Z
33,Want to go,Natalja Monski,Mini-market,,"JH8X+GHM Mini-market, Adlia St, Batumi, Gruzie","JH8X+GHM Adlia St, Batumi, Gruzie",41.6163357,41.598934799999995,"https://www.google.com/maps/search/?api=1&query=Mini-market+41.6163357,41.598934799999995",/g/11fd8290_4,4640824969825852939|-701248172664075427,2026-07-06T18:41:34.522010Z,2026-07-06T18:41:34.522010Z
34,Want to go,Natalja Monski,JYSK,Jysk,"JYSK, 88 Zurab Gorgiladze St, Batumi, Gruzie","88 Zurab Gorgiladze St, Batumi, Gruzie",41.6440266,41.6201872,"https://www.google.com/maps/search/?api=1&query=JYSK+41.6440266,41.6201872",/g/11d_904_zm,4640825766877584095|7249715570072630839,2026-07-06T18:40:52.519844Z,2026-07-06T18:40:52.519844Z
35,Want to go,Natalja Monski,JYSK,Jysk,"ა, JYSK, 33 Pushkin St, Batumi, Gruzie","ა, 33 Pushkin St, Batumi, Gruzie",41.6440093,41.642477,"https://www.google.com/maps/search/?api=1&query=JYSK+41.6440093,41.642477",/g/11wwbld92r,4640826896514358385|-1277799053189141757,2026-07-06T18:40:12.135137Z,2026-07-06T18:40:12.135137Z
36,Want to go,Natalja Monski,Kalata,Supermarket,"Kalata, 150 Bagrationi St, Batumi, Gruzie","150 Bagrationi St, Batumi, Gruzie",41.6353514,41.628026,"https://www.google.com/maps/search/?api=1&query=Kalata+41.6353514,41.628026",/g/11yftqqjtm,4640826376533587621|2934867989116332912,2026-07-06T18:33:46.958037Z,2026-07-06T18:33:46.958037Z
37,Want to go,Natalja Monski,Kalata,Supermarket,"Kalata, 102 Vakhtang Gorgasali St, Batumi, Gruzie","102 Vakhtang Gorgasali St, Batumi, Gruzie",41.644912,41.6302884,"https://www.google.com/maps/search/?api=1&query=Kalata+41.644912,41.6302884",/g/11nbp54p6m,4640826377228663665|3668690620827156213,2026-07-06T18:33:16.910986Z,2026-07-06T18:33:16.910986Z
38,Want to go,Natalja Monski,Kalata,Supermarket,"Kalata, 94 Luka Asatiani St, Batumi 6010, Gruzie","94 Luka Asatiani St, Batumi 6010, Gruzie",41.6420429,41.6385469,"https://www.google.com/maps/search/?api=1&query=Kalata+41.6420429,41.6385469",/g/11yclpj_4m,4640826376506264391|4797713334024975968,2026-07-06T18:32:42.595688Z,2026-07-06T18:32:42.595688Z
39,Want to go,Natalja Monski,Tursa,Supermarket,"Tursa, 13 Agmashenebeli St, Batumi 6000, Gruzie","13 Agmashenebeli St, Batumi 6000, Gruzie",41.630372699999995,41.614832199999995,"https://www.google.com/maps/search/?api=1&query=Tursa+41.630372699999995,41.614832199999995",/g/11svbqv2lx,4640825027051015661|8766807267634793814,2026-07-06T18:25:33.533212Z,2026-07-06T18:25:33.533212Z
40,Want to go,Natalja Monski,JJG6+392,Tursa supermarket,"JJG6+392, 92 Airport Hwy, Batumi 6400, Gruzie","JJG6+392, 92 Airport Hwy, Batumi 6400, Gruzie",41.6251708,41.610739599999995,"https://www.google.com/maps/search/?api=1&query=JJG6+392+41.6251708,41.610739599999995",/g/11ldwx334w,4640825215175548909|-2963919363365054309,2026-07-06T18:24:50.743003Z,2026-07-06T18:24:50.743003Z
41,Want to go,Natalja Monski,Ilem Home,Záclony,"JJRJ+9HX Ilem Home, Pushkin St, Batumi, Gruzie","JJRJ+9HX, Pushkin St, Batumi, Gruzie",41.640958999999995,41.631498199999996,"https://www.google.com/maps/search/?api=1&query=Ilem+Home+41.640958999999995,41.631498199999996",/g/11zc2_2w7s,4640826376575698609|1666185438593822339,2026-07-05T13:19:04.788675Z,2026-07-05T13:19:04.788675Z
42,Want to go,Natalja Monski,8 Griboedov St,Готовая еда,"8 Griboedov St, Batumi 6000, Gruzie","8 Griboedov St, Batumi 6000, Gruzie",41.6442518,41.6223921,"https://www.google.com/maps/search/?api=1&query=8+Griboedov+St+41.6442518,41.6223921",/g/11b8z5jfz9,4640825745805193701|-125399866835823917,2026-07-03T12:48:03.143948Z,2026-07-03T12:48:03.143948Z
43,Want to go,Natalja Monski,Brewery Batumi. Beer Batumuri,Pivo,"Brewery Batumi. Beer Batumuri, 24 Tbel-Abuseridze St, Batumi 6010, Gruzie","24 Tbel-Abuseridze St, Batumi 6010, Gruzie",41.6350469,41.6159749,"https://www.google.com/maps/search/?api=1&query=Brewery+Batumi.+Beer+Batumuri+41.6350469,41.6159749",/g/11cjnplw4c,4640825145793984701|3545713301983652223,2026-07-01T16:42:13.550151Z,2026-07-01T16:42:13.550151Z
44,Want to go,Natalja Monski,ლანჩ თაიმი - Lunch Time,Švédský stůl,"ლანჩ თაიმი - Lunch Time, 39 Tbel-Abuseridze St, Batumi 6010, Gruzie","39 Tbel-Abuseridze St, Batumi 6010, Gruzie",41.6345548,41.6143729,"https://www.google.com/maps/search/?api=1&query=ლანჩ+თაიმი+-+Lunch+Time+41.6345548,41.6143729",/g/11vd8d_6tq,4640824763537547565|4174160661766054356,2026-06-28T11:47:19.430095Z,2026-06-28T11:47:19.430095Z
45,Want to go,Natalja Monski,15 Inasaridze St,Stilovaja,"15 Inasaridze St, Batumi, Gruzie","15 Inasaridze St, Batumi, Gruzie",41.632791,41.6082016,"https://www.google.com/maps/search/?api=1&query=15+Inasaridze+St+41.632791,41.6082016",/g/11rv0gll4_,4640825168532744277|2798134324415729148,2026-06-26T19:12:37.098629Z,2026-06-26T19:12:37.098629Z
46,Want to go,Natalja Monski,21 Noe Zhordania St,Suvenýry,"21 Noe Zhordania St, Batumi 6000, Gruzie","21 Noe Zhordania St, Batumi 6000, Gruzie",41.6503363,41.640569,"https://www.google.com/maps/search/?api=1&query=21+Noe+Zhordania+St+41.6503363,41.640569",/g/11qm0hld0m,4640825547163927521|-8135290140750711760,2026-06-20T16:52:53.371110Z,2026-06-20T16:52:53.371110Z
47,Want to go,Natalja Monski,Gomis Mta Viewpoint,Облака,"R5H5+92 Gomis Mta Viewpoint, Gomi, Gruzie","R5H5+92, Gomi, Gruzie",41.8273953,42.157319799999996,"https://www.google.com/maps/search/?api=1&query=Gomis+Mta+Viewpoint+41.8273953,42.157319799999996",/g/11wmn3cfrx,4637884082296861095|-5166146567185274425,2026-06-18T17:59:41.938470Z,2026-06-18T17:59:41.938470Z
48,Want to go,Natalja Monski,Shekvetili Dendrological Park,Dendrologicka zahrada,"Shekvetili Dendrological Park, Shekvetili, Gruzie","Shekvetili, Gruzie",41.959149499999995,41.772186399999995,"https://www.google.com/maps/search/?api=1&query=Shekvetili+Dendrological+Park+41.959149499999995,41.772186399999995",/g/11k8p1gwr4,4638039037088213797|8822199458469692376,2026-06-18T17:50:55.845931Z,2026-06-18T17:50:55.845931Z
49,Want to go,Natalja Monski,BOAT TRIP AND TOURIST ZONE,,"GPV8+7HW BOAT TRIP AND TOURIST ZONE, შ1, Gruzie","GPV8+7HW, შ1, Gruzie",41.5439289,41.715112,"https://www.google.com/maps/search/?api=1&query=BOAT+TRIP+AND+TOURIST+ZONE+41.5439289,41.715112",/g/11nxv8bqhg,4640833494865432043|7364802736698510309,2026-06-18T17:41:45.395981Z,2026-06-18T17:41:45.395981Z
50,Want to go,Natalja Monski,"41°32'33.0""N 41°43'09.4""E",Слияние 2 рек,"41.5424900,41.7192780",,41.54249,41.719277999999996,"https://www.google.com/maps/search/?api=1&query=41°32'33.0""N+41°43'09.4""E+41.54249,41.719277999999996",,,2026-06-18T17:39:52.800162Z,2026-06-18T17:39:52.800162Z
51,Want to go,Natalja Monski,Mukhrani’s Bread,Pekárna,"Mukhrani’s Bread, 61 Zurab Gorgiladze St, Batumi, Gruzie","61 Zurab Gorgiladze St, Batumi, Gruzie",41.6451111,41.62591,"https://www.google.com/maps/search/?api=1&query=Mukhrani’s+Bread+41.6451111,41.62591",/g/11nj_h8qzr,4640826377033773219|7440867829508047872,2026-06-16T19:18:05.775652Z,2026-06-16T19:18:05.775652Z
52,Want to go,Natalja Monski,White Rcheuli Makhinjauri,White house,"White Rcheuli Makhinjauri, 16, Tamar Mepe Ave, 16 თამარ მეფის გამზ, Makhinjauri 6031, Gruzie","16, Tamar Mepe Ave, 16 თამარ მეფის გამზ, Makhinjauri 6031, Gruzie",41.675055,41.6950392,"https://www.google.com/maps/search/?api=1&query=White+Rcheuli+Makhinjauri+41.675055,41.6950392",/g/11b6d2tyz4,4640827413272227595|-1047254706625682326,2026-06-14T17:59:44.973586Z,2026-06-14T17:59:44.973586Z
53,Want to go,Natalja Monski,Maltakva Beach,Plaz,"Maltakva Beach, Gruzie",Gruzie,42.0613792,41.7212264,"https://www.google.com/maps/search/?api=1&query=Maltakva+Beach+42.0613792,41.7212264",/g/1tz946_g,4638070924378286703|-1868009454352498867,2026-06-14T17:51:41.009844Z,2026-06-14T17:51:41.009844Z
54,Want to go,Natalja Monski,Iveri Park (Fishing),Rybaření,"Iveri Park (Fishing), 842a David Agmashenebli ave, Kobuleti 6200, Gruzie","842a David Agmashenebli ave, Kobuleti 6200, Gruzie",41.8946622,41.777222599999995,"https://www.google.com/maps/search/?api=1&query=Iveri+Park+(Fishing)+41.8946622,41.777222599999995",/g/11scsd1gkj,4638036007188787101|8397374302573185860,2026-06-14T08:09:36.608658Z,2026-06-14T08:09:36.608658Z
55,Want to go,Natalja Monski,Kaprovani beach,Plaz černý Písek,"XQ76+2P Kaprovani beach, Tsvermaghala, Gruzie","XQ76+2P, Tsvermaghala, Gruzie",41.962347199999996,41.762206899999995,"https://www.google.com/maps/search/?api=1&query=Kaprovani+beach+41.962347199999996,41.762206899999995",/g/11t7kz1r2w,4638038205398999643|-3139844156578173315,2026-06-14T08:08:20.232578Z,2026-06-14T08:08:20.232578Z
56,Want to go,Natalja Monski,Shekvetili Park Zoo,Dendropark : vše zdarma,"XQ67+GFQ Shekvetili Park Zoo, Tsvermaghala, Gruzie","XQ67+GFQ, Tsvermaghala, Gruzie",41.961338,41.7637301,"https://www.google.com/maps/search/?api=1&query=Shekvetili+Park+Zoo+41.961338,41.7637301",/g/11t4jqqxlz,4638038608038999157|-6655251559805368386,2026-06-14T08:07:00.597004Z,2026-06-14T08:07:00.597004Z
57,Want to go,Natalja Monski,Magnetic sands beach,Пляж черный песок,"WQC9+Q74 Magnetic sands beach, Shekvetili, Gruzie","WQC9+Q74, Shekvetili, Gruzie",41.9215709,41.766529999999996,"https://www.google.com/maps/search/?api=1&query=Magnetic+sands+beach+41.9215709,41.766529999999996",/g/11t7crgqll,4638038215786306515|3461604257361081609,2026-06-14T08:02:10.914813Z,2026-06-14T08:02:10.914813Z
58,Want to go,Natalja Monski,JJWH+832,Koleno,"JJWH+832, 46 Zurab Gorgiladze St, Batumi 6010, Gruzie","JJWH+832, 46 Zurab Gorgiladze St, Batumi 6010, Gruzie",41.6458559,41.6276653,"https://www.google.com/maps/search/?api=1&query=JJWH+832+41.6458559,41.6276653",/g/11fmy_ghdf,4640825742574086631|-6331612131898473816,2026-06-12T19:16:34.494922Z,2026-06-12T19:16:34.494922Z
59,Want to go,Natalja Monski,Sachashnike,,"Sachashnike, 78 Zurab Gorgiladze St, Batumi, Gruzie","78 Zurab Gorgiladze St, Batumi, Gruzie",41.6438884,41.6218583,"https://www.google.com/maps/search/?api=1&query=Sachashnike+41.6438884,41.6218583",/g/11ckzdfsgw,4640825745410757853|4725859738662892484,2026-06-10T14:05:10.559396Z,2026-06-10T14:05:10.559396Z
60,Want to go,Natalja Monski,Cheese Lovers,Piza saláty špagetu,"Cheese Lovers, 28 Takaishvili Str, Batumi, Gruzie","28 Takaishvili Str, Batumi, Gruzie",41.6433961,41.6270634,"https://www.google.com/maps/search/?api=1&query=Cheese+Lovers+41.6433961,41.6270634",/g/11wwtqt0l6,4640826376123402021|6529524639248807637,2026-06-07T10:35:27.179376Z,2026-06-07T10:35:27.179376Z
61,Want to go,Natalja Monski,Payable fishing,Rybaření,"JJ23+2F Payable fishing, Batumi, Gruzie","JJ23+2F, Batumi, Gruzie",41.6001062,41.603724199999995,"https://www.google.com/maps/search/?api=1&query=Payable+fishing+41.6001062,41.603724199999995",/g/11v62s8nv6,4640835248492882361|4040242134447395302,2026-06-07T07:39:46.372554Z,2026-06-07T07:39:46.372554Z
62,Want to go,Natalja Monski,"Vüjcheıjrpsn,axüşb",,"GPV8+G2 Vüjcheıjrpsn,axüşb, Kibe, Gruzie","GPV8+G2, Kibe, Gruzie",41.5438343,41.7150581,"https://www.google.com/maps/search/?api=1&query=Vüjcheıjrpsn,axüşb+41.5438343,41.7150581",/g/11t72sz_h9,4640834038450469251|8706397523500114181,2026-06-07T07:36:27.712492Z,2026-06-07T07:36:27.712492Z
63,Want to go,Natalja Monski,Adjarian Wine House,Wine House,"Adjarian Wine House, Khelvachauri, Acharistskali 6400, Gruzie","Khelvachauri, Acharistskali 6400, Gruzie",41.548345499999996,41.7414667,"https://www.google.com/maps/search/?api=1&query=Adjarian+Wine+House+41.548345499999996,41.7414667",/g/1q66kzsk5,4640832970458248449|-2087770572151565225,2026-06-07T07:32:00.796430Z,2026-06-07T07:32:00.796430Z
64,Want to go,Natalja Monski,Nako.bakery,Pirožku,"Nako.bakery, 6 Griboedov St, Batumi 6000, Gruzie","6 Griboedov St, Batumi 6000, Gruzie",41.6447716,41.6221774,"https://www.google.com/maps/search/?api=1&query=Nako.bakery+41.6447716,41.6221774",/g/11y3jr5cy3,4640827393098929207|-1463836749329669090,2026-06-01T17:28:26.974859Z,2026-06-01T17:28:26.974859Z
65,Want to go,Natalja Monski,Nako.bakery,Pirožku,"Nako.bakery, 9 Inasaridze St, Batumi 6000, Gruzie","9 Inasaridze St, Batumi 6000, Gruzie",41.6335717,41.6099877,"https://www.google.com/maps/search/?api=1&query=Nako.bakery+41.6335717,41.6099877",/g/11z1tg5y47,4640824945785245935|-8427729901847546136,2026-06-01T17:28:01.003186Z,2026-06-01T17:28:01.003186Z
66,Want to go,Natalja Monski,"41°45'39.0""N 41°44'47.4""E",Деревянный пляж,"41.7608380,41.7464900",,41.760838,41.74649,"https://www.google.com/maps/search/?api=1&query=41°45'39.0""N+41°44'47.4""E+41.760838,41.74649",,,2026-05-24T14:31:52.279956Z,2026-05-24T14:31:52.279956Z
67,Want to go,Natalja Monski,"41°45'28.6""N 41°44'57.8""E",Парковка для деревянного пляжа,"41.7579450,41.7493960",,41.757945,41.749396,"https://www.google.com/maps/search/?api=1&query=41°45'28.6""N+41°44'57.8""E+41.757945,41.749396",,,2026-05-24T14:30:38.489365Z,2026-05-24T14:30:38.489365Z
68,Want to go,Natalja Monski,"41°45'49.5""N 41°44'56.7""E",Пляж,"41.7637570,41.7490850",,41.763757,41.749085,"https://www.google.com/maps/search/?api=1&query=41°45'49.5""N+41°44'56.7""E+41.763757,41.749085",,,2026-05-24T14:24:36.280244Z,2026-05-24T14:24:36.280244Z
69,Want to go,Natalja Monski,AgroHub Batumi / აგროჰაბი ბათუმი,Supermarket,"AgroHub Batumi / აგროჰაბი ბათუმი, 121 Bagrationi St, Batumi, Gruzie","121 Bagrationi St, Batumi, Gruzie",41.6343132,41.62683,"https://www.google.com/maps/search/?api=1&query=AgroHub+Batumi+/+აგროჰაბი+ბათუმი+41.6343132,41.62683",/g/11fq102mcy,4640827066915570537|-6713265913087924185,2026-05-23T06:37:16.264406Z,2026-05-23T06:37:16.264406Z
70,Want to go,Natalja Monski,Georgian,Lopatki,"114, Georgian, 116 Zurab Gorgiladze St, Batumi 6000, Gruzie","114, 116 Zurab Gorgiladze St, Batumi 6000, Gruzie",41.6435144,41.6204142,"https://www.google.com/maps/search/?api=1&query=Georgian+41.6435144,41.6204142",/g/11x7bhf570,4640826375536451427|3711628182801790738,2026-05-18T18:51:03.689938Z,2026-05-18T18:51:03.689938Z
71,Want to go,Natalja Monski,88 Zurab Gorgiladze St,Shopping,"88 Zurab Gorgiladze St, Batumi, Gruzie","88 Zurab Gorgiladze St, Batumi, Gruzie",41.6436321,41.6203676,"https://www.google.com/maps/search/?api=1&query=88+Zurab+Gorgiladze+St+41.6436321,41.6203676",/g/11rgfjfgb0,4640825767557924691|-7875052341351280610,2026-05-18T18:49:22.699549Z,2026-05-18T18:49:22.699549Z
72,Want to go,Natalja Monski,GeRo Pizza,Levná dobrá pizza,"GeRo Pizza, 4 Sherif Khimshiashvili St, Batumi, Gruzie","4 Sherif Khimshiashvili St, Batumi, Gruzie",41.6440562,41.6174748,"https://www.google.com/maps/search/?api=1&query=GeRo+Pizza+41.6440562,41.6174748",/g/11yt25klhs,4640826963133474075|-1335319813381457385,2026-05-18T18:38:26.453189Z,2026-05-18T18:38:26.453189Z
73,Want to go,Natalja Monski,Khinkali House N1,"Ervinivi nechutnali hinkali, kompon a hachapuri super, sasha bojalas",,,41.649597299999996,41.6308424,"https://www.google.com/maps/search/?api=1&query=Khinkali+House+N1+41.649597299999996,41.6308424",,4640825349528859593|4141782442723832497,2026-03-02T11:52:32.981046Z,2026-05-18T18:34:30.855908Z
74,Want to go,Natalja Monski,Kiziki,,"Kiziki, 24 Melikishvili St, Batumi, Gruzie","24 Melikishvili St, Batumi, Gruzie",41.6442392,41.6320629,"https://www.google.com/maps/search/?api=1&query=Kiziki+41.6442392,41.6320629",/g/11b8v9ptb8,4640825359437802473|7661128593371351894,2026-05-18T18:22:45.763598Z,2026-05-18T18:22:45.763598Z
75,Want to go,Natalja Monski,Mzeo’s kitchen,Jídelna,"Mzeo’s kitchen, ფარნავაზ მეფის 148, Batumi 4600, Gruzie","ფარნავაზ მეფის 148, Batumi 4600, Gruzie",41.6443637,41.626382,"https://www.google.com/maps/search/?api=1&query=Mzeo’s+kitchen+41.6443637,41.626382",/g/11z25rwj9r,4640826376754161267|-1622610891875390010,2026-05-17T16:29:59.899044Z,2026-05-17T16:29:59.899044Z
76,Want to go,Natalja Monski,"Столовая у Мзео, Mzeo's Cafe",Jídelna,"Столовая у Мзео, Mzeo's Cafe, 9А Sherif Khimshiashvili St, Batumi, Gruzie","9А Sherif Khimshiashvili St, Batumi, Gruzie",41.6381971,41.613005,"https://www.google.com/maps/search/?api=1&query=Столовая+у+Мзео,+Mzeo's+Cafe+41.6381971,41.613005",/g/11q3rwrfzw,4640826675004322261|1851413232324983631,2026-05-17T16:29:27.073392Z,2026-05-17T16:29:27.073392Z
77,Want to go,Natalja Monski,Revaz Komahidze 8,Рваное мясо,,,41.6477577,41.642623,"https://www.google.com/maps/search/?api=1&query=Revaz+Komahidze+8+41.6477577,41.642623",,4640826376713691223|5498530201287379272,2026-03-19T18:28:11.139485Z,2026-03-19T18:28:11.139485Z
78,Want to go,Natalja Monski,SABABA,,"SABABA, Adlia, 1, Batumi 6004","Adlia, 1, Batumi 6004",41.6211196,41.592293,"https://www.google.com/maps/search/?api=1&query=SABABA+41.6211196,41.592293",/g/11y73mrj28,4640824466354197675|4324385580021243868,2026-03-12T09:26:28.178783Z,2026-03-12T09:26:28.178783Z
79,Want to go,Natalja Monski,Alphabetic Tower,,"Alphabetic Tower, Batumi",Batumi,41.656040499999996,41.639461,"https://www.google.com/maps/search/?api=1&query=Alphabetic+Tower+41.656040499999996,41.639461",/g/11c1qbdfqw,4640825578059868777|-8840876395373414083,2026-03-12T04:20:52.958434Z,2026-03-12T04:20:52.958434Z
80,Want to go,Natalja Monski,Embawood -ემბავუდი,,"Embawood -ემბავუდი, 57 Lermontov Str, Batumi","57 Lermontov Str, Batumi",41.6404733,41.627671,"https://www.google.com/maps/search/?api=1&query=Embawood+-ემბავუდი+41.6404733,41.627671",/g/11rwsbph3g,4640827460529117983|-1231504041607582333,2026-03-12T04:19:32.523960Z,2026-03-12T04:19:32.523960Z
81,Want to go,Natalja Monski,FixPrice,,"FixPrice, 32a Chavchavadze St, Batumi 6000","32a Chavchavadze St, Batumi 6000",41.6456616,41.6382925,"https://www.google.com/maps/search/?api=1&query=FixPrice+41.6456616,41.6382925",/g/11zj4tj92c,4640826376506769819|-553939325730558211,2026-03-11T07:38:42.666504Z,2026-03-11T07:38:42.666504Z
82,Want to go,Natalja Monski,Batumi Piazza Square,,"Batumi Piazza Square, 12 Parnavaz Mepe St, Batumi","12 Parnavaz Mepe St, Batumi",41.6495415,41.6411823,"https://www.google.com/maps/search/?api=1&query=Batumi+Piazza+Square+41.6495415,41.6411823",/g/11bzywsqt7,4640825545753104173|7440439568319112140,2026-03-11T04:28:40.277033Z,2026-03-11T04:28:40.277033Z
83,Want to go,Natalja Monski,96 Vakhtang Gorgasali St,Art magazín,"96 Vakhtang Gorgasali St, Batumi 6010, Gruzie",,41.6449013,41.6308477,"https://www.google.com/maps/search/?api=1&query=96+Vakhtang+Gorgasali+St+41.6449013,41.6308477",,4640825358858091217|7701818683118098888,2026-03-02T13:03:08.577949Z,2026-03-10T10:14:55.768178Z
84,Want to go,Natalja Monski,Elit Electronics,,"JJR9+XC5 Elit Electronics, 94 Zurab Gorgiladze St, Batumi 6000","JJR9+XC5, 94 Zurab Gorgiladze St, Batumi 6000",41.642890699999995,41.6186845,"https://www.google.com/maps/search/?api=1&query=Elit+Electronics+41.642890699999995,41.6186845",/g/11c3_4fp7y,4640825769494432877|-9187828977113657009,2026-03-10T05:36:05.644241Z,2026-03-10T05:36:05.644241Z
85,Want to go,Natalja Monski,Techno Boom,,"Techno Boom, 1 Chavchavadze St, Batumi 6001","1 Chavchavadze St, Batumi 6001",41.646977199999995,41.645092,"https://www.google.com/maps/search/?api=1&query=Techno+Boom+41.646977199999995,41.645092",/g/11b6_j24ff,4640825540352880689|-4466849856121686713,2026-03-10T05:35:44.624629Z,2026-03-10T05:35:44.624629Z
86,Want to go,Natalja Monski,Civil - Gürcistan / Batum,Dětské oblečení,"Civil - Gürcistan / Batum, No:88 Zurab Gorgiladze St, Batumi","No:88 Zurab Gorgiladze St, Batumi",41.6436498,41.6203481,"https://www.google.com/maps/search/?api=1&query=Civil+-+Gürcistan+/+Batum+41.6436498,41.6203481",/g/11clzh1y7j,4640825743190779179|-2087990055788889959,2026-03-09T06:13:11.104621Z,2026-03-09T06:13:11.104621Z
87,Want to go,Natalja Monski,21 Tbel-Abuseridze St,Dětské zboží,"21 Tbel-Abuseridze St, Batumi","21 Tbel-Abuseridze St, Batumi",41.6346248,41.615680399999995,"https://www.google.com/maps/search/?api=1&query=21+Tbel-Abuseridze+St+41.6346248,41.615680399999995",/g/11gycbxw41,4640825145588525117|8050490766705402054,2026-03-09T06:11:44.171640Z,2026-03-09T06:11:44.171640Z
88,Want to go,Natalja Monski,21 Tbel-Abuseridze St,Dětský obchod,"21 Tbel-Abuseridze St, Batumi 6005","21 Tbel-Abuseridze St, Batumi 6005",41.6352118,41.6152051,"https://www.google.com/maps/search/?api=1&query=21+Tbel-Abuseridze+St+41.6352118,41.6152051",/g/11mtf_3fp6,4640825145489906277|2592219026124522493,2026-03-09T05:18:35.719111Z,2026-03-09T05:18:35.719111Z
89,Want to go,Natalja Monski,Modus,Nábytek,"Modus, 18-20 Pushkin St, Batumi","18-20 Pushkin St, Batumi",41.6431982,41.6477594,"https://www.google.com/maps/search/?api=1&query=Modus+41.6431982,41.6477594",/g/11g1pd7q62,4640825423842597151|2471225883741974565,2026-03-08T14:42:27.348485Z,2026-03-08T14:42:27.348485Z
90,Want to go,Natalja Monski,Gorgia,,"Gorgia, 27 Shavsheti St, Batumi","27 Shavsheti St, Batumi",41.6411543,41.6525513,"https://www.google.com/maps/search/?api=1&query=Gorgia+41.6411543,41.6525513",/g/11f_xfjzjf,4640825421100973315|-5565937646322065113,2026-03-08T14:34:46.386105Z,2026-03-08T14:34:46.386105Z
91,Want to go,Natalja Monski,131 Chavchavadze St,Dětské centrum,"131 Chavchavadze St, Batumi","131 Chavchavadze St, Batumi",41.641380999999996,41.625845999999996,"https://www.google.com/maps/search/?api=1&query=131+Chavchavadze+St+41.641380999999996,41.625845999999996",/g/11f6lqbqm9,4640825333403433109|3912972496580030313,2026-03-08T13:50:48.267335Z,2026-03-08T13:50:48.267335Z
92,Want to go,Natalja Monski,Mosaic,Běl kosmetika,"Mosaic, 16 Kobaladze St, Batumi, Gruzie","16 Kobaladze St, Batumi, Gruzie",41.6332127,41.6104595,"https://www.google.com/maps/search/?api=1&query=Mosaic+41.6332127,41.6104595",/g/11sb4z9gd0,4640824201828134433|-973756541265102904,2026-03-06T16:50:35.964799Z,2026-03-06T16:50:35.964799Z
93,Want to go,Natalja Monski,14 Melikishvili St,Belaruss kosmetic,"14 Melikishvili St, Batumi, Gruzie","14 Melikishvili St, Batumi, Gruzie",41.645917499999996,41.6310696,"https://www.google.com/maps/search/?api=1&query=14+Melikishvili+St+41.645917499999996,41.6310696",/g/11mrpgbsmz,4640825364646305501|263020560336585467,2026-03-06T10:47:25.926528Z,2026-03-06T10:47:25.926528Z
94,Want to go,Natalja Monski,Art v Batumi,Украшения сувениры магазин,,,41.650389499999996,41.640535899999996,"https://www.google.com/maps/search/?api=1&query=Art+v+Batumi+41.650389499999996,41.640535899999996",,4640826376347303541|408953263103002840,2026-03-02T13:00:42.488913Z,2026-03-06T10:23:10.884560Z
95,Want to go,Natalja Monski,Galaxy Book,Knihy,"Galaxy Book, 29 Haidar Abashidze Ave, Batumi 6000, Gruzie","29 Haidar Abashidze Ave, Batumi 6000, Gruzie",41.643445899999996,41.630789899999996,"https://www.google.com/maps/search/?api=1&query=Galaxy+Book+41.643445899999996,41.630789899999996",/g/11hbc1rvbq,4640825358338783911|2406362548688399492,2026-03-06T09:22:30.369561Z,2026-03-06T09:22:30.369561Z
96,Want to go,Natalja Monski,Argo Cable Car,,"Argo Cable Car, 1 Bako Street, Batumi 6010, Gruzie","1 Bako Street, Batumi 6010, Gruzie",41.6474696,41.6454826,"https://www.google.com/maps/search/?api=1&query=Argo+Cable+Car+41.6474696,41.6454826",/g/11bztpd9c_,4640825534410003803|-672581927779583883,2026-03-06T09:02:44.593867Z,2026-03-06T09:02:44.593867Z
97,Want to go,Natalja Monski,"41°38'46.9""N 41°37'29.6""E",Ptáci Zoo,"41.6463611,41.6248889",,41.6463611,41.624888899999995,"https://www.google.com/maps/search/?api=1&query=41°38'46.9""N+41°37'29.6""E+41.6463611,41.624888899999995",,,2026-03-06T08:45:09.056920Z,2026-03-06T08:45:09.056920Z
98,Want to go,Natalja Monski,Batumi City Zoo,,"JJWH+P5P Batumi City Zoo, Batumi, Gruzie","JJWH+P5P, Batumi, Gruzie",41.6468274,41.6279681,"https://www.google.com/maps/search/?api=1&query=Batumi+City+Zoo+41.6468274,41.6279681",/g/11c1lzzw_m,4640825736879445797|-7373058277760167665,2026-03-06T07:55:04.384070Z,2026-03-06T07:55:04.384070Z
99,Want to go,Natalja Monski,Batumi Boulevard Fountains,,"MJ3M+PXW Batumi Boulevard Fountains, Batumi, Gruzie","MJ3M+PXW, Batumi, Gruzie",41.6543729,41.6349613,"https://www.google.com/maps/search/?api=1&query=Batumi+Boulevard+Fountains+41.6543729,41.6349613",/g/11c1tcqlhf,4640825579018731241|-6593931566076890698,2026-03-06T07:52:39.297591Z,2026-03-06T07:52:39.297591Z
100,Want to go,Natalja Monski,Open Farmers' Market ბაზარი,,"Open Farmers' Market ბაზარი, 113 Chavchavadze St, Batumi, Gruzie","113 Chavchavadze St, Batumi, Gruzie",41.6418709,41.6271339,"https://www.google.com/maps/search/?api=1&query=Open+Farmers'+Market+ბაზარი+41.6418709,41.6271339",/g/11h_15m3bz,4640827186566945433|8625759049928865387,2026-03-06T07:50:27.723958Z,2026-03-06T07:50:27.723958Z
101,Want to go,Natalja Monski,Белорусский магазин Bulbaland,,"Белорусский магазин Bulbaland, 55 Chavchavadze St, Batumi, Gruzie","55 Chavchavadze St, Batumi, Gruzie",41.6440469,41.634217899999996,"https://www.google.com/maps/search/?api=1&query=Белорусский+магазин+Bulbaland+41.6440469,41.634217899999996",/g/11w4bvdwl9,4640826375404307835|-720589307187901195,2026-03-05T21:31:12.479339Z,2026-03-05T21:31:12.479339Z
102,Want to go,Natalja Monski,Maxima,,"Maxima, 109 Bagrationi St, Batumi 6000, Gruzie","109 Bagrationi St, Batumi 6000, Gruzie",41.636154999999995,41.6347605,"https://www.google.com/maps/search/?api=1&query=Maxima+41.636154999999995,41.6347605",/g/11fsjxxv1t,4640826740082299871|1404938004680200029,2026-03-03T19:56:34.576780Z,2026-03-03T19:56:34.576780Z
103,Want to go,Natalja Monski,Memed Abashidze Sculpture,,,,41.6512818,41.6373648,"https://www.google.com/maps/search/?api=1&query=Memed+Abashidze+Sculpture+41.6512818,41.6373648",,4640825553007100887|-7712600472090178062,2026-03-03T16:05:31.747814Z,2026-03-03T16:05:31.747814Z
104,Want to go,Natalja Monski,Lollipop Dental - ლოლიპოპ დენტალი,,,,41.638749499999996,41.6361184,"https://www.google.com/maps/search/?api=1&query=Lollipop+Dental+-+ლოლიპოპ+დენტალი+41.638749499999996,41.6361184",,4640826408005635111|-5710202635464372331,2026-03-02T13:22:38.099413Z,2026-03-02T13:22:38.099413Z
105,Want to go,Natalja Monski,BeautyLips,,,,41.6368945,41.6341836,"https://www.google.com/maps/search/?api=1&query=BeautyLips+41.6368945,41.6341836",,4640826376439030987|8267523526885689813,2026-03-02T13:11:06.326275Z,2026-03-02T13:11:06.326275Z
106,Want to go,Natalja Monski,STAR Circus Georgia,,,,41.649729799999996,41.6371768,"https://www.google.com/maps/search/?api=1&query=STAR+Circus+Georgia+41.649729799999996,41.6371768",,4640826376688020029|5041080308825490034,2026-03-02T13:07:52.197142Z,2026-03-02T13:07:52.197142Z
107,Want to go,Natalja Monski,Orchid SPA Batumi,,,,41.6246414,41.5980632,"https://www.google.com/maps/search/?api=1&query=Orchid+SPA+Batumi+41.6246414,41.5980632",,4640824176915454863|-1320895769265144783,2026-03-02T12:55:17.300250Z,2026-03-02T12:55:17.300250Z
108,Want to go,Natalja Monski,Hopa Bazar,,,,41.623680199999995,41.6206027,"https://www.google.com/maps/search/?api=1&query=Hopa+Bazar+41.623680199999995,41.6206027",,4640825238301265283|-7217687088264908053,2026-03-02T12:10:22.938359Z,2026-03-02T12:10:22.938359Z
109,Want to go,Natalja Monski,Georgian bakery,,,,41.621043199999995,41.5981449,"https://www.google.com/maps/search/?api=1&query=Georgian+bakery+41.621043199999995,41.5981449",,4640824178210403039|-3561271130666038331,2026-03-02T12:08:18.148934Z,2026-03-02T12:08:18.148934Z
110,Want to go,Natalja Monski,Nobo Restaurant,,,,41.621990499999995,41.5966254,"https://www.google.com/maps/search/?api=1&query=Nobo+Restaurant+41.621990499999995,41.5966254",,4640824177826673951|-9017428139206823930,2026-03-02T12:08:09.593874Z,2026-03-02T12:08:09.593874Z
111,Want to go,Natalja Monski,Ande Tower,,,,41.6221496,41.5950584,"https://www.google.com/maps/search/?api=1&query=Ande+Tower+41.6221496,41.5950584",,4640824208871552019|2235000740370630974,2026-03-02T12:05:03.509418Z,2026-03-02T12:05:03.509418Z
112,Want to go,Natalja Monski,Senate Restaurant & Lounge,,,,41.6383569,41.6102462,"https://www.google.com/maps/search/?api=1&query=Senate+Restaurant+&+Lounge+41.6383569,41.6102462",,4640824954833024945|-2357383841918710375,2026-03-02T12:04:18.495507Z,2026-03-02T12:04:18.495507Z
113,Want to go,Natalja Monski,CHEBUREK.BI,,,,41.633040699999995,41.6117238,"https://www.google.com/maps/search/?api=1&query=CHEBUREK.BI+41.633040699999995,41.6117238",,4640826375368058621|-7023790187808205352,2026-03-02T11:43:58.984988Z,2026-03-02T11:43:58.984988Z
114,Want to go,Natalja Monski,Cheburek N1,,,,41.6427871,41.619464799999996,"https://www.google.com/maps/search/?api=1&query=Cheburek+N1+41.6427871,41.619464799999996",,4640827057488110363|-4163547100991527483,2026-03-02T11:43:36.594534Z,2026-03-02T11:43:36.594534Z
115,Want to go,Natalja Monski,Cafe Ellada,,,,41.6480889,41.639063799999995,"https://www.google.com/maps/search/?api=1&query=Cafe+Ellada+41.6480889,41.639063799999995",,4640825542812013631|6161077058870144752,2026-03-02T11:41:43.786050Z,2026-03-02T11:41:43.786050Z
116,Want to go,Natalja Monski,Grand Mall,,,,41.635380399999995,41.6076549,"https://www.google.com/maps/search/?api=1&query=Grand+Mall+41.635380399999995,41.6076549",,4640824800547003737|-5957645793309439453,2026-03-02T10:49:11.749670Z,2026-03-02T10:49:11.749670Z
117,Want to go,Natalja Monski,Greek Chebureki,,,,41.6305236,41.608473499999995,"https://www.google.com/maps/search/?api=1&query=Greek+Chebureki+41.6305236,41.608473499999995",,4640824732595021835|8806339760747218147,2026-03-02T09:55:25.985137Z,2026-03-02T09:55:25.985137Z
118,Want to go,Natalja Monski,NIKA Sushi Bar,,,,41.6464511,41.6211244,"https://www.google.com/maps/search/?api=1&query=NIKA+Sushi+Bar+41.6464511,41.6211244",,4640826375225240595|-1875970971043737870,2026-03-02T09:50:20.996299Z,2026-03-02T09:50:20.996299Z
119,Want to go,Natalja Monski,მაგნოლია,,,,41.6430447,41.6166385,"https://www.google.com/maps/search/?api=1&query=მაგნოლია+41.6430447,41.6166385",,4640826375714231101|-6834465858984937590,2026-03-02T09:44:29.560828Z,2026-03-02T09:44:29.560828Z
120,Want to go,Natalja Monski,Вкусная Столовая,,,,41.6328014,41.6082189,"https://www.google.com/maps/search/?api=1&query=Вкусная+Столовая+41.6328014,41.6082189",,4640825250760786953|3225771532529710641,2026-03-02T09:41:05.975577Z,2026-03-02T09:41:05.975577Z
121,Want to go,Natalja Monski,Lukma,,,,41.6410572,41.6301604,"https://www.google.com/maps/search/?api=1&query=Lukma+41.6410572,41.6301604",,4640826376476582713|-4436191639526431370,2026-03-02T09:37:31.968363Z,2026-03-02T09:37:31.968363Z
122,Want to go,Natalja Monski,Alaverdi,,,,41.648731399999996,41.6393967,"https://www.google.com/maps/search/?api=1&query=Alaverdi+41.648731399999996,41.6393967",,4640826493019719565|-4058457715790766242,2026-03-02T09:36:06.871303Z,2026-03-02T09:36:06.871303Z
123,Want to go,Natalja Monski,Tamada,,,,41.6373895,41.618007299999995,"https://www.google.com/maps/search/?api=1&query=Tamada+41.6373895,41.618007299999995",,4640825322367882717|-4299981028447640737,2026-03-02T09:34:38.971484Z,2026-03-02T09:34:38.971484Z
124,Want to go,Natalja Monski,სუშიშვილი,,,,41.632791,41.6082016,"https://www.google.com/maps/search/?api=1&query=სუშიშვილი+41.632791,41.6082016",,4640825098975091113|5815764224488795304,2026-03-02T09:31:58.066594Z,2026-03-02T09:31:58.066594Z
125,Want to go,Natalja Monski,Chveni Sakhli Cafe,,,,41.6500762,41.6352641,"https://www.google.com/maps/search/?api=1&query=Chveni+Sakhli+Cafe+41.6500762,41.6352641",,4640826659516644621|39455133097090842,2026-03-02T09:30:56.682708Z,2026-03-02T09:30:56.682708Z
126,Want to go,Natalja Monski,Weihenstephan Batumi,,,,41.652116,41.6420107,"https://www.google.com/maps/search/?api=1&query=Weihenstephan+Batumi+41.652116,41.6420107",,4640825547828400995|-6173623095530977853,2026-03-02T08:58:15.344853Z,2026-03-02T08:58:15.344853Z
127,Want to go,Natalja Monski,GEO.GRAPHIA,,,,41.6537657,41.6316963,"https://www.google.com/maps/search/?api=1&query=GEO.GRAPHIA+41.6537657,41.6316963",,4640826375950618003|-5176447169060810496,2026-03-02T08:49:38.332383Z,2026-03-02T08:49:38.332383Z
128,Want to go,Natalja Monski,Tavaduri,,,,41.6400675,41.6275202,"https://www.google.com/maps/search/?api=1&query=Tavaduri+41.6400675,41.6275202",,4640825335116001629|-7669759412746077511,2026-03-02T08:49:15.535502Z,2026-03-02T08:49:15.535502Z
129,Want to go,Natalja Monski,Pirosmani,,,,41.642508,41.6310432,"https://www.google.com/maps/search/?api=1&query=Pirosmani+41.642508,41.6310432",,4640825353586552987|4375798673285694881,2026-03-02T08:48:45.736724Z,2026-03-02T08:48:45.736724Z
